epoch,train_loss,val_loss,bleu,chrf
1,7.497847,7.480316,0.5417,3.8498
2,6.740853,7.120894,0.7987,6.6244
3,6.342207,6.937197,1.2896,9.5107
4,6.053532,6.809511,1.9607,11.8812
5,5.820020,6.704117,2.6728,14.5842
6,5.629317,6.640937,3.2152,17.2599
7,5.460564,6.599259,3.7554,19.1921
